word,count,corpus,lagt_label
ἐχθρός,756,christian_0_300,-1.0
θεός,151,christian_0_300,-1.0
γίγνομαι,109,christian_0_300,-1.0
λέγω,75,christian_0_300,-1.0
πᾶς,70,christian_0_300,-1.0
θάνατος,67,christian_0_300,5.0
ἀγαπάω,61,christian_0_300,-1.0
φίλος,57,christian_0_300,-1.0
κύριος,54,christian_0_300,-1.0
ἄνθρωπος,50,christian_0_300,-1.0
ψυχή,50,christian_0_300,-1.0
πατήρ,49,christian_0_300,-1.0
λόγος,49,christian_0_300,-1.0
χείρ,48,christian_0_300,5.0
υἱός,44,christian_0_300,-1.0
ποιέω,43,christian_0_300,-1.0
ἔχω,39,christian_0_300,-1.0
πούς,38,christian_0_300,5.0
μισέω,36,christian_0_300,3.0
οὐρανός,35,christian_0_300,-1.0
φημί,34,christian_0_300,-1.0
δίδωμι,33,christian_0_300,-1.0
δύναμις,32,christian_0_300,-1.0
προσεύχομαι,32,christian_0_300,-1.0
τίθημι,31,christian_0_300,-1.0
καταργέω,31,christian_0_300,
χριστός,31,christian_0_300,-1.0
ἀγαθός,29,christian_0_300,-1.0
ἔσχατος,28,christian_0_300,-1.0
δεξιός,27,christian_0_300,-1.0
πολύς,27,christian_0_300,-1.0
ἀλήθεια,26,christian_0_300,-1.0
κακός,26,christian_0_300,7.0
λαός,25,christian_0_300,-1.0
Ἰησοῦς,24,christian_0_300,
λαμβάνω,24,christian_0_300,-1.0
διάβολος,23,christian_0_300,1.0
ὑποπόδιον,23,christian_0_300,
ἐξουσία,23,christian_0_300,-1.0
Χριστός,23,christian_0_300,
παραδίδωμι,23,christian_0_300,-1.0
διώκω,23,christian_0_300,5.0
γῆ,22,christian_0_300,-1.0
βασιλεύς,21,christian_0_300,-1.0
οἶδα,20,christian_0_300,-1.0
ἅγιος,19,christian_0_300,-1.0
ἁμαρτάνω,19,christian_0_300,7.0
δύναμαι,19,christian_0_300,-1.0
ἐθέλω,18,christian_0_300,-1.0
καιρός,18,christian_0_300,-1.0
ὄφις,18,christian_0_300,1.0
ἀδικέω,18,christian_0_300,4.0
πονηρός,17,christian_0_300,7.0
ζωή,17,christian_0_300,-1.0
πίπτω,17,christian_0_300,-1.0
θλίβω,17,christian_0_300,
κάθημαι,16,christian_0_300,
δικαιοσύνη,16,christian_0_300,-1.0
ἀκούω,16,christian_0_300,-1.0
ἁμαρτία,16,christian_0_300,7.0
δίκαιος,16,christian_0_300,-1.0
πολεμέω,16,christian_0_300,5.0
κόσμος,16,christian_0_300,-1.0
ἀποθνῄσκω,16,christian_0_300,5.0
βασιλεύω,15,christian_0_300,-1.0
δέω,15,christian_0_300,-1.0
εὑρίσκω,15,christian_0_300,-1.0
δυνατός,15,christian_0_300,-1.0
ἔθνος,15,christian_0_300,-1.0
ἔρχομαι,14,christian_0_300,-1.0
εὐλογέω,14,christian_0_300,-1.0
εὔχομαι,14,christian_0_300,-1.0
μάχαιρα,13,christian_0_300,
ἀνταποδίδωμι,13,christian_0_300,
νόμος,13,christian_0_300,-1.0
δοκέω,13,christian_0_300,-1.0
ζάω,13,christian_0_300,-1.0
νῶτον,13,christian_0_300,
φύσις,13,christian_0_300,-1.0
πατέω,12,christian_0_300,
σκορπίος,12,christian_0_300,
σῶμα,12,christian_0_300,-1.0
ἀνήρ,12,christian_0_300,-1.0
μόνος,12,christian_0_300,-1.0
καλέω,12,christian_0_300,-1.0
θεῖος,12,christian_0_300,-1.0
οἶνος,12,christian_0_300,-1.0
πρόσωπον,12,christian_0_300,-1.0
ἡμέρα,11,christian_0_300,-1.0
ἐρύω,11,christian_0_300,
σάρξ,11,christian_0_300,4.0
ἐπηρεάζω,11,christian_0_300,
σωτήρ,11,christian_0_300,-1.0
κακία,11,christian_0_300,7.0
βέλος,11,christian_0_300,
ἥλιος,11,christian_0_300,-1.0
εὐεργετέω,11,christian_0_300,
χώρα,11,christian_0_300,-1.0
νικάω,11,christian_0_300,5.0
ἁμαρτωλός,11,christian_0_300,4.0
τέκνον,10,christian_0_300,-1.0
Ἰσραήλ,10,christian_0_300,
σωτηρία,10,christian_0_300,-1.0
αἰών,10,christian_0_300,-1.0
δόξα,10,christian_0_300,-1.0
παρίστημι,10,christian_0_300,-1.0
ὁδός,10,christian_0_300,-1.0
ἐναντίος,10,christian_0_300,7.0
τυγχάνω,10,christian_0_300,-1.0
ὑποτάσσω,10,christian_0_300,
ἄγγελος,10,christian_0_300,-1.0
καθαιρέω,10,christian_0_300,
ὁράω,10,christian_0_300,-1.0
πόλις,10,christian_0_300,-1.0
φωνή,10,christian_0_300,-1.0
ἴδιος,10,christian_0_300,-1.0
ῥύομαι,10,christian_0_300,
ἀσθενέω,10,christian_0_300,
φόβος,10,christian_0_300,5.0
μέσος,9,christian_0_300,-1.0
ἔργον,9,christian_0_300,-1.0
καταράομαι,9,christian_0_300,
πόλεμος,9,christian_0_300,5.0
κρατέω,9,christian_0_300,5.0
ἐπιθυμία,9,christian_0_300,4.0
πάσχω,9,christian_0_300,5.0
νοέω,9,christian_0_300,-1.0
ζητέω,9,christian_0_300,-1.0
λογισμός,9,christian_0_300,-1.0
πνεῦμα,9,christian_0_300,-1.0
φιλάνθρωπος,9,christian_0_300,
καταλείπω,9,christian_0_300,-1.0
ἀόρατος,9,christian_0_300,
οἶκος,8,christian_0_300,-1.0
ἀληθεύω,8,christian_0_300,
ἰησοῦς,8,christian_0_300,-1.0
πολέμιος,8,christian_0_300,5.0
πορεύω,8,christian_0_300,
κατακυριεύω,8,christian_0_300,
ἀποστρέφω,8,christian_0_300,
ἀπόλλυμι,8,christian_0_300,5.0
εἰσέρχομαι,8,christian_0_300,-1.0
ἀνατέλλω,8,christian_0_300,
μέγας,8,christian_0_300,-1.0
φαίνω,8,christian_0_300,-1.0
ἐλεέω,8,christian_0_300,
φοβέω,8,christian_0_300,5.0
ἀρετή,8,christian_0_300,-1.0
ἀπόστολος,8,christian_0_300,-1.0
βούλομαι,8,christian_0_300,-1.0
καταδιώκω,8,christian_0_300,
πληρόω,8,christian_0_300,-1.0
γιγνώσκω,7,christian_0_300,-1.0
ἐγείρω,7,christian_0_300,-1.0
σῴζω,7,christian_0_300,-1.0
πίστις,7,christian_0_300,-1.0
ἡγέομαι,7,christian_0_300,-1.0
ἀδελφός,7,christian_0_300,-1.0
ὀφθαλμός,7,christian_0_300,-1.0
ὀνειδίζω,7,christian_0_300,
φέρω,7,christian_0_300,-1.0
διδάσκω,7,christian_0_300,-1.0
ὑπολαμβάνω,7,christian_0_300,5.0
ἔχθρα,7,christian_0_300,
ὁμολογέω,7,christian_0_300,-1.0
γνῶσις,7,christian_0_300,-1.0
ἀντίκειμαι,7,christian_0_300,
αἰτέω,7,christian_0_300,-1.0
δεύτερος,7,christian_0_300,-1.0
αἷμα,7,christian_0_300,5.0
πείθω,7,christian_0_300,-1.0
ταράσσω,7,christian_0_300,
πλῆθος,7,christian_0_300,-1.0
δαίμων,7,christian_0_300,1.0
ἐσθίω,7,christian_0_300,-1.0
εἶπον,7,christian_0_300,
ἀνίστημι,7,christian_0_300,-1.0
τροφή,7,christian_0_300,-1.0
μέρος,7,christian_0_300,-1.0
πράσσω,7,christian_0_300,-1.0
οἴομαι,7,christian_0_300,-1.0
νομίζω,7,christian_0_300,-1.0
ἀπολύω,7,christian_0_300,-1.0
βασιλεία,7,christian_0_300,-1.0
γραφή,7,christian_0_300,-1.0
Ἰούδας,7,christian_0_300,
ὑποχείριος,7,christian_0_300,
ὠφελέω,7,christian_0_300,-1.0
ἐκδικητής,7,christian_0_300,
θλίψις,7,christian_0_300,
σταυρός,6,christian_0_300,5.0
Παῦλος,6,christian_0_300,
θεωρέω,6,christian_0_300,-1.0
παύω,6,christian_0_300,-1.0
θυμός,6,christian_0_300,4.0
καταλαμβάνω,6,christian_0_300,-1.0
ἀσεβής,6,christian_0_300,1.0
ἐντολή,6,christian_0_300,-1.0
παρέχω,6,christian_0_300,-1.0
ἐμφαίνω,6,christian_0_300,
τέλειος,6,christian_0_300,-1.0
βίος,6,christian_0_300,-1.0
εἰρήνη,6,christian_0_300,-1.0
γένος,6,christian_0_300,-1.0
ἀναιρέω,6,christian_0_300,5.0
κεφαλή,6,christian_0_300,-1.0
πειράω,6,christian_0_300,-1.0
ἕτερος,6,christian_0_300,-1.0
φεύγω,6,christian_0_300,5.0
τόπος,6,christian_0_300,-1.0
ἰσχύς,6,christian_0_300,
καταπατέω,6,christian_0_300,
νεκρός,6,christian_0_300,-1.0
ἐχθραίνω,6,christian_0_300,
αἴτιος,6,christian_0_300,4.0
ὀνομάζω,6,christian_0_300,-1.0
πρόσειμι,6,christian_0_300,
βλέπω,6,christian_0_300,-1.0
ὄνομα,6,christian_0_300,-1.0
ἀγών,6,christian_0_300,-1.0
πυρόω,6,christian_0_300,
κληρονομία,6,christian_0_300,
αἰχμαλωσία,6,christian_0_300,
ἐγκαταλείπω,6,christian_0_300,
συνέδριον,6,christian_0_300,
παίζω,6,christian_0_300,
ἐκλείπω,6,christian_0_300,
ἀφίημι,5,christian_0_300,-1.0
λίθος,5,christian_0_300,-1.0
στόμα,5,christian_0_300,-1.0
προφήτης,5,christian_0_300,-1.0
καταλλάσσω,5,christian_0_300,
εὐαγγέλιον,5,christian_0_300,-1.0
ἀπώλεια,5,christian_0_300,
κτίσις,5,christian_0_300,-1.0
λοιπός,5,christian_0_300,-1.0
ὅμοιος,5,christian_0_300,-1.0
τρόπος,5,christian_0_300,-1.0
χοῦς,5,christian_0_300,
κελεύω,5,christian_0_300,-1.0
σοφία,5,christian_0_300,-1.0
ἀσπάζομαι,5,christian_0_300,
χάρις,5,christian_0_300,-1.0
φυλάσσω,5,christian_0_300,-1.0
εὐχή,5,christian_0_300,-1.0
χρόνος,5,christian_0_300,-1.0
ἔοικα,5,christian_0_300,-1.0
ἐρῶ,5,christian_0_300,
ἐξετάζω,5,christian_0_300,-1.0
καρδία,5,christian_0_300,-1.0
ἀνάγω,5,christian_0_300,-1.0
ἡμέτερος,5,christian_0_300,-1.0
ἄρχω,5,christian_0_300,-1.0
ἄδικος,5,christian_0_300,4.0
ὅλος,5,christian_0_300,-1.0
βούλημα,5,christian_0_300,-1.0
πρόφασις,5,christian_0_300,-1.0
ἀγάπη,5,christian_0_300,-1.0
λοιδορέω,5,christian_0_300,
παρακαλέω,5,christian_0_300,-1.0
ὑποφέρω,5,christian_0_300,
θησαυρός,5,christian_0_300,
μαστιγόω,5,christian_0_300,
γυνή,5,christian_0_300,-1.0
καταδουλόω,5,christian_0_300,
εἰρηνικός,5,christian_0_300,
χράω,5,christian_0_300,5.0
καταλύω,5,christian_0_300,
τηρέω,5,christian_0_300,-1.0
ποταμός,5,christian_0_300,-1.0
δῆλος,5,christian_0_300,-1.0
ὁρατός,5,christian_0_300,
ἀρχή,5,christian_0_300,-1.0
κακόω,5,christian_0_300,
Ἱεροσόλυμα,5,christian_0_300,
ἄρχων,5,christian_0_300,-1.0
νοητός,5,christian_0_300,-1.0
ἄρτος,5,christian_0_300,-1.0
ὁδηγέω,5,christian_0_300,
ῥομφαία,5,christian_0_300,
ζιζάνιον,4,christian_0_300,
ἥκω,4,christian_0_300,-1.0
διαθήκη,4,christian_0_300,-1.0
κλαίω,4,christian_0_300,
τέλος,4,christian_0_300,-1.0
κηρύσσω,4,christian_0_300,-1.0
καθίζω,4,christian_0_300,
πῦρ,4,christian_0_300,1.0
ἐμποδίζω,4,christian_0_300,
ἀξιόω,4,christian_0_300,-1.0
πλανάω,4,christian_0_300,2.0
ἐπιστρέφω,4,christian_0_300,-1.0
μένω,4,christian_0_300,-1.0
νόμιμος,4,christian_0_300,
ἀπαθής,4,christian_0_300,
διδασκαλία,4,christian_0_300,-1.0
μῖσος,4,christian_0_300,
διαβολή,4,christian_0_300,
γνώμη,4,christian_0_300,-1.0
πενία,4,christian_0_300,
αἱρέω,4,christian_0_300,-1.0
φιλία,4,christian_0_300,-1.0
ἀπαλλαγή,4,christian_0_300,
αἰγύπτιος,4,christian_0_300,-1.0
κολάζω,4,christian_0_300,-1.0
πιστεύω,4,christian_0_300,-1.0
δεσπότης,4,christian_0_300,6.0
πρᾶγμα,4,christian_0_300,-1.0
ἰούδας,4,christian_0_300,-1.0
αἰνέω,4,christian_0_300,
συντρίβω,4,christian_0_300,
ἀποστέλλω,4,christian_0_300,-1.0
λείπω,4,christian_0_300,-1.0
σύνειμι,4,christian_0_300,-1.0
ὑπηρέτης,4,christian_0_300,
ἕκαστος,4,christian_0_300,-1.0
χωρίζω,4,christian_0_300,
φιλέω,4,christian_0_300,-1.0
συγχωρέω,4,christian_0_300,
ὀργίζω,4,christian_0_300,
διαλλάσσω,4,christian_0_300,
πενθέω,4,christian_0_300,
χρή,4,christian_0_300,-1.0
ἀρνέομαι,4,christian_0_300,
ἀλλότριος,4,christian_0_300,-1.0
δράκων,4,christian_0_300,
ἐπανίστημι,4,christian_0_300,
κινέω,4,christian_0_300,-1.0
καρπός,4,christian_0_300,-1.0
σκότος,4,christian_0_300,1.0
βοηθός,4,christian_0_300,
ἐπιδημία,4,christian_0_300,-1.0
φαῦλος,4,christian_0_300,2.0
φρόνημα,4,christian_0_300,
ἐπιβαίνω,4,christian_0_300,
λέων,4,christian_0_300,-1.0
στρατεύω,4,christian_0_300,
ἵστημι,4,christian_0_300,-1.0
χαίρω,4,christian_0_300,-1.0
ἐφίστημι,4,christian_0_300,-1.0
ὁμοιότης,4,christian_0_300,
γευστός,4,christian_0_300,
δηλόω,4,christian_0_300,-1.0
ἐγγίζω,4,christian_0_300,
ἐκβάλλω,4,christian_0_300,-1.0
πνευματικός,4,christian_0_300,-1.0
ὑψόω,4,christian_0_300,
ἄμπελος,4,christian_0_300,
ἐπιθυμέω,4,christian_0_300,4.0
περιέχω,4,christian_0_300,-1.0
δόλος,4,christian_0_300,
θεωρία,4,christian_0_300,
ὀργίλος,4,christian_0_300,
δόγμα,4,christian_0_300,-1.0
νόος,4,christian_0_300,-1.0
ἐξαιρέω,4,christian_0_300,
σταυρέ,4,christian_0_300,
ἀπέρχομαι,3,christian_0_300,-1.0
ἄγω,3,christian_0_300,-1.0
ἐπισκοπέω,3,christian_0_300,
κέρας,3,christian_0_300,
παῖς,3,christian_0_300,-1.0
ἔλεος,3,christian_0_300,-1.0
ἐκλογή,3,christian_0_300,
κοιλία,3,christian_0_300,
φρονέω,3,christian_0_300,-1.0
ἐλπίς,3,christian_0_300,-1.0
διάκονος,3,christian_0_300,
νουθετέω,3,christian_0_300,
ἀναβαίνω,3,christian_0_300,-1.0
ταπεινόω,3,christian_0_300,
ἀνόσιος,3,christian_0_300,
σατανᾶς,3,christian_0_300,
καταρτίζω,3,christian_0_300,
δείκνυμι,3,christian_0_300,-1.0
ὕψιστος,3,christian_0_300,
πόνος,3,christian_0_300,-1.0
ποιμήν,3,christian_0_300,-1.0
κρατύς,3,christian_0_300,
αἰτία,3,christian_0_300,-1.0
ὑποζύγιον,3,christian_0_300,
προστάσσω,3,christian_0_300,-1.0
διαφορά,3,christian_0_300,-1.0
περιμένω,3,christian_0_300,
προσαγορεύω,3,christian_0_300,
φύω,3,christian_0_300,-1.0
δεινός,3,christian_0_300,4.0
γνωστικός,3,christian_0_300,
οἰκεῖος,3,christian_0_300,-1.0
ἀπειθής,3,christian_0_300,
κρίνω,3,christian_0_300,-1.0
πρότερος,3,christian_0_300,-1.0
ἄγονος,3,christian_0_300,
θηρίον,3,christian_0_300,5.0
καθαρός,3,christian_0_300,-1.0
νόημα,3,christian_0_300,
φθόνος,3,christian_0_300,
ἀμύνω,3,christian_0_300,
ἀνοίγνυμι,3,christian_0_300,
ἡδονή,3,christian_0_300,4.0
ἐραστής,3,christian_0_300,
βάρβαρος,3,christian_0_300,6.0
σκυθρωπάζω,3,christian_0_300,
πλοῦτος,3,christian_0_300,-1.0
ἰουδαῖος,3,christian_0_300,-1.0
μανθάνω,3,christian_0_300,-1.0
πάρειμι,3,christian_0_300,-1.0
προφητικός,3,christian_0_300,-1.0
στρατιώτης,3,christian_0_300,-1.0
μέλλω,3,christian_0_300,-1.0
ἐπαγγέλλω,3,christian_0_300,-1.0
ὅσος,3,christian_0_300,
μετάνοια,3,christian_0_300,-1.0
κρίσις,3,christian_0_300,-1.0
ἐρῆμος,3,christian_0_300,
καταφρονέω,3,christian_0_300,
ζῆλος,3,christian_0_300,
ἐργάζομαι,3,christian_0_300,-1.0
σταυρόω,3,christian_0_300,
ἐκδικέω,3,christian_0_300,
μακάριος,3,christian_0_300,-1.0
ψαλμός,3,christian_0_300,-1.0
κατηγορέω,3,christian_0_300,-1.0
ἐπιβουλεύω,3,christian_0_300,
ἐπιβουλή,3,christian_0_300,
χωρέω,3,christian_0_300,-1.0
πικρός,3,christian_0_300,
ἀναμένω,3,christian_0_300,
ἕπομαι,3,christian_0_300,-1.0
ὁμιλέω,3,christian_0_300,
χείρων,3,christian_0_300,-1.0
συγγενής,3,christian_0_300,
σκοπέω,3,christian_0_300,-1.0
ξενοδόχος,3,christian_0_300,
τύπτω,3,christian_0_300,
ὑποχωρέω,3,christian_0_300,
ἄπιστος,3,christian_0_300,
ἐπήρεια,3,christian_0_300,
ἀνθρώπειος,3,christian_0_300,
πληροφορέω,3,christian_0_300,
κακουχέω,3,christian_0_300,
αἰώνιος,3,christian_0_300,-1.0
κόλασις,3,christian_0_300,5.0
σώζω,3,christian_0_300,
ὑπήκοος,3,christian_0_300,
φωραθείη,3,christian_0_300,
ὀφείλω,3,christian_0_300,-1.0
νουθέτημα,3,christian_0_300,
τιμωρία,3,christian_0_300,
ὕλη,3,christian_0_300,-1.0
νύξ,3,christian_0_300,-1.0
δεῖ,3,christian_0_300,-1.0
ἐπακούω,3,christian_0_300,
ἀποκτείνω,3,christian_0_300,5.0
νίκη,3,christian_0_300,-1.0
καταστρέφω,3,christian_0_300,
ὕψος,3,christian_0_300,
εὐδοκέω,3,christian_0_300,
κατεργάζομαι,3,christian_0_300,
καλός,3,christian_0_300,-1.0
θεραπεύω,3,christian_0_300,-1.0
γράμμα,3,christian_0_300,-1.0
μεταβάλλω,3,christian_0_300,-1.0
ἀπάτη,3,christian_0_300,-1.0
ψεῦδος,3,christian_0_300,2.0
νοσέω,3,christian_0_300,-1.0
μαίνομαι,3,christian_0_300,
ἰάομαι,3,christian_0_300,
κίνδυνος,3,christian_0_300,5.0
νόσος,3,christian_0_300,5.0
συνοράω,3,christian_0_300,
Εὐφράτης,3,christian_0_300,
διάφορος,3,christian_0_300,-1.0
παραδέχομαι,3,christian_0_300,
κωλύω,3,christian_0_300,5.0
δυναμόω,3,christian_0_300,
κραταιόω,3,christian_0_300,
ἐξολοθρεύω,3,christian_0_300,
ἀνομία,3,christian_0_300,-1.0
ἀδικία,3,christian_0_300,4.0
ἀποπίπτω,3,christian_0_300,
κενός,3,christian_0_300,-1.0
θύω,3,christian_0_300,-1.0
βασιλίσκος,3,christian_0_300,
Μωϋσῆς,3,christian_0_300,
οἰκοδομέω,3,christian_0_300,-1.0
ναός,3,christian_0_300,-1.0
πονηρία,3,christian_0_300,
ἡγεμονικός,3,christian_0_300,
μοχθηρός,3,christian_0_300,
χωρίον,3,christian_0_300,-1.0
πρῶτος,3,christian_0_300,-1.0
πρακτικός,3,christian_0_300,
θεωρητικός,3,christian_0_300,
ἀληθής,3,christian_0_300,-1.0
διελέγχω,3,christian_0_300,
εὐφραίνω,3,christian_0_300,
προσέχω,3,christian_0_300,-1.0
φείδομαι,3,christian_0_300,
ἐπίσταμαι,3,christian_0_300,-1.0
Ἰσραηλίτης,3,christian_0_300,
ἐχθρός,965,christian_300_600,-1.0
πᾶς,241,christian_300_600,-1.0
θεός,229,christian_300_600,-1.0
γίγνομαι,118,christian_300_600,-1.0
λέγω,117,christian_300_600,-1.0
φημί,107,christian_300_600,-1.0
χριστός,94,christian_300_600,-1.0
πούς,85,christian_300_600,5.0
δύναμις,81,christian_300_600,-1.0
κύριος,79,christian_300_600,-1.0
χείρ,74,christian_300_600,5.0
πολέμιος,73,christian_300_600,5.0
τίθημι,72,christian_300_600,-1.0
ἄνθρωπος,66,christian_300_600,-1.0
ἔχω,65,christian_300_600,-1.0
πολύς,57,christian_300_600,-1.0
δίδωμι,55,christian_300_600,-1.0
ἐκκλησία,54,christian_300_600,-1.0
λόγος,54,christian_300_600,-1.0
βασιλεύς,52,christian_300_600,-1.0
ἅγιος,50,christian_300_600,-1.0
ποιέω,48,christian_300_600,-1.0
γῆ,46,christian_300_600,-1.0
ἔθνος,46,christian_300_600,-1.0
φίλος,44,christian_300_600,-1.0
μέγας,41,christian_300_600,-1.0
πατήρ,40,christian_300_600,-1.0
ὑποπόδιον,39,christian_300_600,
ἀλήθεια,39,christian_300_600,-1.0
δεξιός,38,christian_300_600,-1.0
ὁράω,37,christian_300_600,-1.0
καθίστημι,37,christian_300_600,-1.0
μόνος,36,christian_300_600,-1.0
θάνατος,36,christian_300_600,5.0
πίστις,35,christian_300_600,-1.0
σωτήρ,33,christian_300_600,-1.0
νόμος,33,christian_300_600,-1.0
δεῖ,32,christian_300_600,-1.0
πόλεμος,31,christian_300_600,5.0
ἀγαθός,30,christian_300_600,-1.0
πόλις,30,christian_300_600,-1.0
λοιπός,30,christian_300_600,-1.0
θεῖος,30,christian_300_600,-1.0
ψυχή,29,christian_300_600,-1.0
οἰκεῖος,28,christian_300_600,-1.0
ἀόρατος,27,christian_300_600,
μέλλω,27,christian_300_600,-1.0
ὅσος,27,christian_300_600,
ἅπας,27,christian_300_600,-1.0
κακός,27,christian_300_600,7.0
δύναμαι,27,christian_300_600,-1.0
οἶδα,27,christian_300_600,-1.0
ἡγέομαι,26,christian_300_600,-1.0
δαίμων,26,christian_300_600,1.0
δοκέω,26,christian_300_600,-1.0
καιρός,25,christian_300_600,-1.0
κάθημαι,25,christian_300_600,
μέσος,25,christian_300_600,-1.0
ἐρῶ,25,christian_300_600,
πίπτω,24,christian_300_600,-1.0
παραδίδωμι,24,christian_300_600,-1.0
νίκη,24,christian_300_600,-1.0
υἱός,24,christian_300_600,-1.0
εἰρήνη,24,christian_300_600,-1.0
ἰσραήλ,24,christian_300_600,-1.0
νικάω,24,christian_300_600,5.0
πονηρός,23,christian_300_600,7.0
ἰουδαῖος,23,christian_300_600,-1.0
εἶπον,23,christian_300_600,
ἀγαπάω,23,christian_300_600,-1.0
αἱρέω,23,christian_300_600,-1.0
βασιλεύω,23,christian_300_600,-1.0
ὄφις,23,christian_300_600,1.0
χρόνος,22,christian_300_600,-1.0
οἴομαι,21,christian_300_600,-1.0
τυγχάνω,21,christian_300_600,-1.0
κόσμος,21,christian_300_600,-1.0
σάρξ,21,christian_300_600,4.0
ἐθέλω,21,christian_300_600,-1.0
ἴδιος,20,christian_300_600,-1.0
σῶμα,20,christian_300_600,-1.0
πάσχω,20,christian_300_600,5.0
ὅλος,20,christian_300_600,-1.0
χώρα,20,christian_300_600,-1.0
ἀρχή,20,christian_300_600,-1.0
μισέω,20,christian_300_600,3.0
δίκη,20,christian_300_600,-1.0
ἡμέτερος,20,christian_300_600,-1.0
ἀνήρ,19,christian_300_600,-1.0
φέρω,19,christian_300_600,-1.0
οἷος,19,christian_300_600,-1.0
ἕτερος,19,christian_300_600,-1.0
ἀπόστολος,19,christian_300_600,-1.0
νοητός,19,christian_300_600,-1.0
ζωή,19,christian_300_600,-1.0
βούλομαι,19,christian_300_600,-1.0
σκορπίος,19,christian_300_600,
κρείσσων,18,christian_300_600,-1.0
γένος,18,christian_300_600,-1.0
εἷς,18,christian_300_600,-1.0
πνεῦμα,18,christian_300_600,-1.0
οὐρανός,18,christian_300_600,-1.0
κοινός,18,christian_300_600,-1.0
σώζω,18,christian_300_600,
καλέω,18,christian_300_600,-1.0
πατέω,18,christian_300_600,
νομίζω,17,christian_300_600,-1.0
βασίλεια,17,christian_300_600,
ἄρχω,17,christian_300_600,-1.0
λαός,17,christian_300_600,-1.0
ἰούδας,17,christian_300_600,-1.0
ἀδελφός,17,christian_300_600,-1.0
σωτηρία,17,christian_300_600,-1.0
κρατέω,16,christian_300_600,5.0
πάρειμι,16,christian_300_600,-1.0
σωτήριος,16,christian_300_600,
δηλόω,16,christian_300_600,-1.0
πρότερος,16,christian_300_600,-1.0
λαμβάνω,16,christian_300_600,-1.0
ἔργον,16,christian_300_600,-1.0
βίος,16,christian_300_600,-1.0
πρῶτος,16,christian_300_600,-1.0
ἡμέρα,16,christian_300_600,-1.0
διώκω,16,christian_300_600,5.0
νῶτον,16,christian_300_600,
μένω,15,christian_300_600,-1.0
συνίστημι,15,christian_300_600,-1.0
διδασκαλία,15,christian_300_600,-1.0
ἀκούω,15,christian_300_600,-1.0
προφήτης,15,christian_300_600,-1.0
αἰών,15,christian_300_600,-1.0
φρονέω,15,christian_300_600,-1.0
διάβολος,15,christian_300_600,1.0
δικαιοσύνη,15,christian_300_600,-1.0
φύσις,15,christian_300_600,-1.0
ἀπόλλυμι,15,christian_300_600,5.0
τρόπος,15,christian_300_600,-1.0
τουτέστι,15,christian_300_600,
συμβαίνω,15,christian_300_600,-1.0
ἵστημι,14,christian_300_600,-1.0
ἔσχατος,14,christian_300_600,-1.0
κεφαλή,14,christian_300_600,-1.0
δεινός,14,christian_300_600,4.0
φωνή,14,christian_300_600,-1.0
τέλος,14,christian_300_600,-1.0
τρόπαιον,14,christian_300_600,
πολεμέω,14,christian_300_600,5.0
χάρις,14,christian_300_600,-1.0
δόξα,14,christian_300_600,-1.0
ὄνομα,13,christian_300_600,-1.0
παῖς,13,christian_300_600,-1.0
δείκνυμι,13,christian_300_600,-1.0
εὐσέβεια,13,christian_300_600,-1.0
τοσοῦτος,13,christian_300_600,-1.0
πάθος,13,christian_300_600,-1.0
ἀρετή,13,christian_300_600,-1.0
ἀξιόω,13,christian_300_600,-1.0
ἁλίσκομαι,13,christian_300_600,-1.0
ἄξιος,13,christian_300_600,-1.0
γράφω,13,christian_300_600,-1.0
ἀφίημι,13,christian_300_600,-1.0
ἔρχομαι,12,christian_300_600,-1.0
ἔοικα,12,christian_300_600,-1.0
καλός,12,christian_300_600,-1.0
ἕκαστος,12,christian_300_600,-1.0
δουλεία,12,christian_300_600,
ἄμαχος,12,christian_300_600,
γιγνώσκω,12,christian_300_600,-1.0
ἀληθής,12,christian_300_600,-1.0
ὀνειδίζω,12,christian_300_600,
εὐαγγέλιον,12,christian_300_600,-1.0
οἰκέω,12,christian_300_600,-1.0
ἰσχύς,12,christian_300_600,
κεῖμαι,12,christian_300_600,-1.0
ὑποφέρω,12,christian_300_600,
εὑρίσκω,12,christian_300_600,-1.0
ἀμείνων,12,christian_300_600,
διδάσκω,11,christian_300_600,-1.0
πλῆθος,11,christian_300_600,-1.0
δέχομαι,11,christian_300_600,-1.0
πράσσω,11,christian_300_600,-1.0
ἐπάγω,11,christian_300_600,-1.0
φάσκω,11,christian_300_600,-1.0
οἶκος,11,christian_300_600,-1.0
βέλος,11,christian_300_600,
νοέω,11,christian_300_600,-1.0
αἷμα,11,christian_300_600,5.0
δεσπότης,10,christian_300_600,6.0
αἰχμάλωτος,10,christian_300_600,
βάρβαρος,10,christian_300_600,6.0
ἐκεῖνος,10,christian_300_600,-1.0
αἴρω,10,christian_300_600,
ἐπαγγελία,10,christian_300_600,-1.0
φαίνω,10,christian_300_600,-1.0
ἐπιβουλή,10,christian_300_600,
ὀνομάζω,10,christian_300_600,-1.0
ὑψόω,10,christian_300_600,
μαθητής,10,christian_300_600,-1.0
καταλύω,10,christian_300_600,
τιμή,10,christian_300_600,-1.0
ἐλπίς,10,christian_300_600,-1.0
πλάνη,10,christian_300_600,2.0
οἶ,10,christian_300_600,
αἰσχύνη,10,christian_300_600,
καρδία,10,christian_300_600,-1.0
ὑποτάσσω,10,christian_300_600,
πιστεύω,10,christian_300_600,-1.0
ἐξουσία,10,christian_300_600,-1.0
διάνοια,10,christian_300_600,-1.0
ὅπλον,10,christian_300_600,5.0
λέων,10,christian_300_600,-1.0
ἄγγελος,10,christian_300_600,-1.0
κληρονομία,10,christian_300_600,
σκότος,10,christian_300_600,1.0
χρή,10,christian_300_600,-1.0
ῥητός,10,christian_300_600,-1.0
ἱερός,10,christian_300_600,-1.0
ἀνθίστημι,10,christian_300_600,
κωνσταντῖνος,10,christian_300_600,-1.0
πείθω,10,christian_300_600,-1.0
ἀγάπη,10,christian_300_600,-1.0
ἁμαρτία,10,christian_300_600,7.0
ἄγω,9,christian_300_600,-1.0
συμφορά,9,christian_300_600,-1.0
δίκαιος,9,christian_300_600,-1.0
φυλάσσω,9,christian_300_600,-1.0
ὑποχείριος,9,christian_300_600,
θεοφιλής,9,christian_300_600,
φρόνημα,9,christian_300_600,
πρᾶγμα,9,christian_300_600,-1.0
ἀνθρώπινος,9,christian_300_600,-1.0
δοῦλος,9,christian_300_600,-1.0
φεύγω,9,christian_300_600,5.0
πλεῖστος,9,christian_300_600,
ἐναντίος,9,christian_300_600,7.0
σημεῖον,9,christian_300_600,-1.0
ὁμολογέω,9,christian_300_600,-1.0
κατακυριεύω,9,christian_300_600,
αἰτία,9,christian_300_600,-1.0
πῦρ,9,christian_300_600,1.0
προσκυνέω,9,christian_300_600,-1.0
σταυρός,9,christian_300_600,5.0
κατασκευάζω,9,christian_300_600,-1.0
λυπέω,9,christian_300_600,
κρύπτω,9,christian_300_600,
τολμάω,9,christian_300_600,-1.0
εἶδον,9,christian_300_600,
ἀγών,9,christian_300_600,-1.0
ἀδικέω,9,christian_300_600,4.0
ὑμέτερος,9,christian_300_600,-1.0
κατευμεγεθέω,9,christian_300_600,
εἰκών,8,christian_300_600,-1.0
δαβίδ,8,christian_300_600,
κράτος,8,christian_300_600,
εὐχή,8,christian_300_600,-1.0
ἔνθεος,8,christian_300_600,
παρουσία,8,christian_300_600,-1.0
ὁρατός,8,christian_300_600,
δείδω,8,christian_300_600,5.0
ῥωμαῖος,8,christian_300_600,6.0
τόπος,8,christian_300_600,-1.0
ὑπομένω,8,christian_300_600,-1.0
παλαιός,8,christian_300_600,-1.0
ἀνατίθημι,8,christian_300_600,
ἰησοῦς,8,christian_300_600,-1.0
δέω,8,christian_300_600,-1.0
ψαλμός,8,christian_300_600,-1.0
δεύτερος,8,christian_300_600,-1.0
ἀνίστημι,8,christian_300_600,-1.0
καθαιρέω,8,christian_300_600,
παρίστημι,8,christian_300_600,-1.0
θρόνος,8,christian_300_600,-1.0
σαμάρεια,8,christian_300_600,
ἀπαλλάσσω,8,christian_300_600,
ἐκδίδωμι,8,christian_300_600,
στόμα,8,christian_300_600,-1.0
ὑπάρχω,8,christian_300_600,-1.0
θεράπων,8,christian_300_600,
ἐργάζομαι,8,christian_300_600,-1.0
ῥύομαι,8,christian_300_600,
βλάβη,8,christian_300_600,
συντρίβω,8,christian_300_600,
βάλλω,8,christian_300_600,-1.0
ἐννοέω,8,christian_300_600,
δράω,8,christian_300_600,-1.0
εἰσέρχομαι,7,christian_300_600,-1.0
θήρ,7,christian_300_600,
μυρίος,7,christian_300_600,
ἕλλην,7,christian_300_600,-1.0
κίνδυνος,7,christian_300_600,5.0
ἀποφέρω,7,christian_300_600,
ἀφαιρέω,7,christian_300_600,5.0
φοβέω,7,christian_300_600,5.0
βασιλικός,7,christian_300_600,-1.0
ἔτος,7,christian_300_600,-1.0
ἐπιδείκνυμι,7,christian_300_600,-1.0
χριστιανός,7,christian_300_600,-1.0
συνήθης,7,christian_300_600,
;,7,christian_300_600,
ἱερόν,7,christian_300_600,-1.0
ἄθεος,7,christian_300_600,
χρῆμα,7,christian_300_600,-1.0
πειράω,7,christian_300_600,-1.0
σία,7,christian_300_600,
ζητέω,7,christian_300_600,-1.0
λανθάνω,7,christian_300_600,-1.0
ὀφθαλμός,7,christian_300_600,-1.0
πρόσωπον,7,christian_300_600,-1.0
χράω,7,christian_300_600,5.0
πνευματικός,7,christian_300_600,-1.0
πολιορκέω,7,christian_300_600,
πληρόω,7,christian_300_600,-1.0
ἐγείρω,7,christian_300_600,-1.0
μακρός,7,christian_300_600,-1.0
ἰσχύω,7,christian_300_600,
ἀπώλεια,7,christian_300_600,
ὀργή,7,christian_300_600,-1.0
ὁρίζω,7,christian_300_600,-1.0
παῦλος,7,christian_300_600,-1.0
ἥκω,7,christian_300_600,-1.0
ἀκοή,7,christian_300_600,-1.0
γράμμα,7,christian_300_600,-1.0
περίοδος,7,christian_300_600,
ἀποφαίνω,7,christian_300_600,-1.0
μακάριος,7,christian_300_600,-1.0
νόος,7,christian_300_600,-1.0
ἀναιρέω,7,christian_300_600,5.0
κρίνω,7,christian_300_600,-1.0
ἀφανίζω,7,christian_300_600,
ἔθω,7,christian_300_600,
μήτηρ,7,christian_300_600,-1.0
φιλία,7,christian_300_600,-1.0
ἀμύνω,7,christian_300_600,
ἀσεβής,7,christian_300_600,1.0
ἀναγκαῖος,7,christian_300_600,-1.0
οἰκτρός,7,christian_300_600,
κατοικέω,7,christian_300_600,
ἄγριος,6,christian_300_600,
ἐπικουρία,6,christian_300_600,
ῥῆμα,6,christian_300_600,-1.0
συγγενής,6,christian_300_600,
βεβαιόω,6,christian_300_600,
προσηγορία,6,christian_300_600,-1.0
κτείνω,6,christian_300_600,
ἐπιβαίνω,6,christian_300_600,
κόλασις,6,christian_300_600,5.0
ἀλλόφυλος,6,christian_300_600,
ἡδύς,6,christian_300_600,-1.0
πολύθεος,6,christian_300_600,
φόβος,6,christian_300_600,5.0
ἐνδύω,6,christian_300_600,
ἀγαπητός,6,christian_300_600,
ῥομφαία,6,christian_300_600,
δυνατός,6,christian_300_600,-1.0
ἀφανής,6,christian_300_600,
εἶδος,6,christian_300_600,-1.0
μέρος,6,christian_300_600,-1.0
ἱερουσαλήμ,6,christian_300_600,
παραιτέομαι,6,christian_300_600,
θεοσεβεία,6,christian_300_600,
μονογενής,6,christian_300_600,-1.0
κακία,6,christian_300_600,7.0
στῖφος,6,christian_300_600,
ἀναίρεσις,6,christian_300_600,
φυλή,6,christian_300_600,-1.0
καταλαμβάνω,6,christian_300_600,-1.0
γραφή,6,christian_300_600,-1.0
καταπατέω,6,christian_300_600,
δράκων,6,christian_300_600,
ἁμαρτάνω,6,christian_300_600,7.0
σύνοδος,6,christian_300_600,-1.0
γνώμη,6,christian_300_600,-1.0
πρέπω,6,christian_300_600,-1.0
φανερός,6,christian_300_600,-1.0
δεσμός,6,christian_300_600,
ἀποστολικός,6,christian_300_600,
τύραννος,6,christian_300_600,-1.0
βλασφημία,6,christian_300_600,
ὑπερβαίνω,6,christian_300_600,
νικητής,6,christian_300_600,
βουλή,6,christian_300_600,-1.0
γέλως,6,christian_300_600,
θυσία,6,christian_300_600,-1.0
μάχη,6,christian_300_600,5.0
ἐπαγγέλλω,6,christian_300_600,-1.0
παρακαλέω,6,christian_300_600,-1.0
ἀνέχω,6,christian_300_600,-1.0
ἄθλιος,6,christian_300_600,
καταστρέφω,6,christian_300_600,
εὔχομαι,6,christian_300_600,-1.0
ἴσος,6,christian_300_600,-1.0
ἄρειος,6,christian_300_600,
πικρός,6,christian_300_600,
κινέω,6,christian_300_600,-1.0
περίειμι,6,christian_300_600,
κατορθόω,6,christian_300_600,
καταδῃόω,6,christian_300_600,
πληθύς,6,christian_300_600,
δαπανάω,6,christian_300_600,
εὐημερία,6,christian_300_600,
προσκρούω,6,christian_300_600,
πεινάω,6,christian_300_600,
δοξάζω,5,christian_300_600,-1.0
ποιμήν,5,christian_300_600,-1.0
παράταξις,5,christian_300_600,
ὀνίνημι,5,christian_300_600,
ἀποθνήσκω,5,christian_300_600,
εὐλογέω,5,christian_300_600,-1.0
ἀνάγκη,5,christian_300_600,-1.0
κοινωνία,5,christian_300_600,-1.0
ἡσσάομαι,5,christian_300_600,
πύλη,5,christian_300_600,-1.0
πολιορκία,5,christian_300_600,
πλέος,5,christian_300_600,
προβάλλω,5,christian_300_600,
ἐλαύνω,5,christian_300_600,
ἄρχων,5,christian_300_600,-1.0
παρέχω,5,christian_300_600,-1.0
ξίφος,5,christian_300_600,
ἀποτελέω,5,christian_300_600,
ὁπλίζω,5,christian_300_600,
ἐπανίστημι,5,christian_300_600,
ἀπιστία,5,christian_300_600,
φθόνος,5,christian_300_600,
δικαστής,5,christian_300_600,
γίνομαι,5,christian_300_600,-1.0
ἀνθρώπειος,5,christian_300_600,
πορεύω,5,christian_300_600,
ὀλίγος,5,christian_300_600,-1.0
καινός,5,christian_300_600,-1.0
παρασκευάζω,5,christian_300_600,-1.0
κατακρατέω,5,christian_300_600,
κέρας,5,christian_300_600,
ἁγίασμα,5,christian_300_600,
λείπω,5,christian_300_600,-1.0
ζάω,5,christian_300_600,-1.0
ἰδού,5,christian_300_600,
ἀκάθαρτος,5,christian_300_600,
θαυμάζω,5,christian_300_600,-1.0
ἀρχαῖος,5,christian_300_600,-1.0
ἀποστέλλω,5,christian_300_600,-1.0
ὑπερβολή,5,christian_300_600,
φιλανθρωπία,5,christian_300_600,
προφητεία,5,christian_300_600,-1.0
σύμβολον,5,christian_300_600,
ὄλεθρος,5,christian_300_600,
ὑφίστημι,5,christian_300_600,
ἐνέργεια,5,christian_300_600,-1.0
ἑρμηνεύω,5,christian_300_600,
ἀσσύριοι,5,christian_300_600,
αἶ,5,christian_300_600,
τιμάω,5,christian_300_600,-1.0
ἀναπείθω,5,christian_300_600,
ὅμοιος,5,christian_300_600,-1.0
ἐπιχειρέω,5,christian_300_600,5.0
προφητεύω,5,christian_300_600,-1.0
λογίζομαι,5,christian_300_600,
ἐπιβουλεύω,5,christian_300_600,
σαφής,5,christian_300_600,
προδίδωμι,5,christian_300_600,
νεκρός,5,christian_300_600,-1.0
ἀνάστασις,5,christian_300_600,-1.0
ταράσσω,5,christian_300_600,
ὠφελέω,5,christian_300_600,-1.0
ἀνομία,5,christian_300_600,-1.0
θυμός,5,christian_300_600,4.0
ᾅδης,5,christian_300_600,
διωγμός,5,christian_300_600,
καθέδρα,5,christian_300_600,
προφητικός,5,christian_300_600,-1.0
συνίημι,5,christian_300_600,-1.0
παύω,5,christian_300_600,-1.0
περιβάλλω,5,christian_300_600,
μανία,5,christian_300_600,
διάφορος,5,christian_300_600,-1.0
αἵρεσις,5,christian_300_600,-1.0
τίμιος,5,christian_300_600,
πέμπω,5,christian_300_600,-1.0
συνάπτω,5,christian_300_600,
προστάσσω,5,christian_300_600,-1.0
ἐλευθερόω,5,christian_300_600,
νέος,5,christian_300_600,-1.0
θνητός,5,christian_300_600,-1.0
πρᾶος,5,christian_300_600,
προίστημι,5,christian_300_600,
ὑπεναντίος,5,christian_300_600,
κήρυγμα,5,christian_300_600,
ἀποδίδωμι,5,christian_300_600,-1.0
ἐπίβουλος,5,christian_300_600,
οἰκονομία,5,christian_300_600,-1.0
ζυγόν,5,christian_300_600,
μερίς,5,christian_300_600,
ὀρθός,5,christian_300_600,-1.0
αἰσθάνομαι,5,christian_300_600,-1.0
μηδείς,5,christian_300_600,-1.0
δυσμενής,5,christian_300_600,
δωρεά,5,christian_300_600,
οἴχομαι,5,christian_300_600,
ἀείδω,5,christian_300_600,
μοῖρα,5,christian_300_600,-1.0
προστίθημι,5,christian_300_600,-1.0
ἐχθρός,1974,pagan_all,-1.0
πολύς,505,pagan_all,-1.0
γίγνομαι,482,pagan_all,-1.0
λέγω,436,pagan_all,-1.0
φίλος,417,pagan_all,-1.0
ἔχω,412,pagan_all,-1.0
δέω,255,pagan_all,-1.0
ποιέω,254,pagan_all,-1.0
λόγος,245,pagan_all,-1.0
Τιβέριος,230,pagan_all,
μέγας,214,pagan_all,-1.0
Γάϊος,203,pagan_all,
φημί,202,pagan_all,-1.0
δοκέω,187,pagan_all,-1.0
ἀνήρ,185,pagan_all,-1.0
ἀρχή,166,pagan_all,-1.0
νόμος,165,pagan_all,-1.0
θεός,151,pagan_all,-1.0
πρῶτος,148,pagan_all,-1.0
ὁράω,146,pagan_all,-1.0
πόλις,144,pagan_all,-1.0
δείδω,142,pagan_all,5.0
ἄνθρωπος,135,pagan_all,-1.0
παρέχω,134,pagan_all,-1.0
γράφω,131,pagan_all,-1.0
δῆμος,130,pagan_all,-1.0
βούλομαι,130,pagan_all,-1.0
Ῥωμαῖος,126,pagan_all,
αἰτία,124,pagan_all,-1.0
βοηθέω,124,pagan_all,-1.0
ὕπατος,121,pagan_all,
δίδωμι,116,pagan_all,-1.0
ἔργον,116,pagan_all,-1.0
πολέμιος,114,pagan_all,5.0
πολιτεία,102,pagan_all,-1.0
Ῥώμη,99,pagan_all,
ἀγαθός,97,pagan_all,-1.0
φέρω,90,pagan_all,-1.0
πράσσω,90,pagan_all,-1.0
φαίνω,90,pagan_all,-1.0
λαμβάνω,90,pagan_all,-1.0
Ὀκτάβιος,90,pagan_all,
Φάννιος,90,pagan_all,
δύναμαι,89,pagan_all,-1.0
κακός,88,pagan_all,7.0
ἡμέρα,87,pagan_all,-1.0
τυγχάνω,87,pagan_all,-1.0
καλός,85,pagan_all,-1.0
βουλή,84,pagan_all,-1.0
καλέω,83,pagan_all,-1.0
πείθω,82,pagan_all,-1.0
φυλάσσω,80,pagan_all,-1.0
αἰτέω,80,pagan_all,-1.0
λοιδορέω,78,pagan_all,
σύμμαχος,77,pagan_all,
κελεύω,77,pagan_all,-1.0
ἐπιφέρω,77,pagan_all,-1.0
ἀκούω,75,pagan_all,-1.0
χράω,74,pagan_all,5.0
στρατεύω,71,pagan_all,
ἀξιόω,71,pagan_all,-1.0
διώκω,71,pagan_all,5.0
μέλλω,70,pagan_all,-1.0
δίκη,70,pagan_all,-1.0
σύγκλητος,70,pagan_all,
κατηγορέω,69,pagan_all,-1.0
Σκιπίων,68,pagan_all,
Γάιος,68,pagan_all,
ἡσυχία,67,pagan_all,
βασιλεύς,66,pagan_all,-1.0
παῖς,66,pagan_all,-1.0
ἀποθνῄσκω,66,pagan_all,5.0
πόλεμος,66,pagan_all,5.0
δίκαιος,63,pagan_all,-1.0
φύσις,62,pagan_all,-1.0
ἀγορά,62,pagan_all,-1.0
Καῖσαρ,62,pagan_all,
νομίζω,61,pagan_all,-1.0
Γαῖος,60,pagan_all,
γέφυρα,60,pagan_all,
ἀλλόκοτος,60,pagan_all,
ἀπέρχομαι,59,pagan_all,-1.0
πρᾶγμα,59,pagan_all,-1.0
ἐθέλω,59,pagan_all,-1.0
καταλύω,59,pagan_all,
διαβολή,58,pagan_all,
ἡγέομαι,58,pagan_all,-1.0
ἄρχων,58,pagan_all,-1.0
ἀδικέω,57,pagan_all,4.0
πατρίς,57,pagan_all,-1.0
φεύγω,57,pagan_all,5.0
γνώμη,56,pagan_all,-1.0
ἅπτω,56,pagan_all,-1.0
ταπεινός,56,pagan_all,
οἰκία,56,pagan_all,-1.0
τίθημι,55,pagan_all,-1.0
πλῆθος,55,pagan_all,-1.0
βῆμα,55,pagan_all,
μόνος,54,pagan_all,-1.0
πάρειμι,54,pagan_all,-1.0
καθίστημι,54,pagan_all,-1.0
συνέρχομαι,54,pagan_all,-1.0
τύχη,53,pagan_all,-1.0
ἔρχομαι,53,pagan_all,-1.0
δακρύω,53,pagan_all,
γέλως,53,pagan_all,
πολίτευμα,52,pagan_all,
ὀργή,51,pagan_all,-1.0
δεινός,51,pagan_all,4.0
λοιπός,51,pagan_all,-1.0
προχωρέω,51,pagan_all,
οἶδα,50,pagan_all,-1.0
πάσχω,50,pagan_all,5.0
οἰκεῖος,50,pagan_all,-1.0
πολίτης,50,pagan_all,-1.0
ὄνομα,50,pagan_all,-1.0
ἀρετή,50,pagan_all,-1.0
στρατηγός,50,pagan_all,5.0
ζητέω,50,pagan_all,-1.0
πέμπω,50,pagan_all,-1.0
δημαρχία,50,pagan_all,
ἀνάγκη,49,pagan_all,-1.0
λυπέω,49,pagan_all,
ἡδονή,48,pagan_all,4.0
μικρός,48,pagan_all,-1.0
ἐλπίς,48,pagan_all,-1.0
ἴδιος,48,pagan_all,-1.0
ἄγω,48,pagan_all,-1.0
πᾶς,48,pagan_all,-1.0
Λακεδαιμόνιος,47,pagan_all,
μέρος,47,pagan_all,-1.0
συνάγω,46,pagan_all,-1.0
αἴτιος,46,pagan_all,4.0
φθόνος,46,pagan_all,
ψῆφος,46,pagan_all,
στρατός,46,pagan_all,-1.0
εὔνοια,46,pagan_all,
μένω,46,pagan_all,-1.0
μισέω,45,pagan_all,3.0
γιγνώσκω,45,pagan_all,-1.0
ξένος,45,pagan_all,-1.0
πῦρ,45,pagan_all,1.0
χαρίζω,44,pagan_all,
κοινός,43,pagan_all,-1.0
ἐπανέρχομαι,43,pagan_all,
συμφορά,43,pagan_all,-1.0
βίος,42,pagan_all,-1.0
δόξα,42,pagan_all,-1.0
ἔτος,42,pagan_all,-1.0
ἀφαιρέω,41,pagan_all,5.0
ἐπάγω,41,pagan_all,-1.0
Λεωνίδας,41,pagan_all,
παρέρχομαι,40,pagan_all,-1.0
τελευτάω,40,pagan_all,-1.0
γυνή,40,pagan_all,-1.0
ἵππος,40,pagan_all,-1.0
φιλοφρονέομαι,40,pagan_all,
λιπαρέω,40,pagan_all,
μῖσος,40,pagan_all,
ἕλκω,40,pagan_all,-1.0
τόπος,40,pagan_all,-1.0
βία,39,pagan_all,
ἀναιρέω,39,pagan_all,5.0
καταλαμβάνω,39,pagan_all,-1.0
τολμάω,39,pagan_all,-1.0
ἦθος,39,pagan_all,-1.0
δυνατός,38,pagan_all,-1.0
πεῖρα,38,pagan_all,
κατηγορία,38,pagan_all,-1.0
μεθίστημι,38,pagan_all,
προέρχομαι,38,pagan_all,-1.0
κοινωνία,38,pagan_all,-1.0
διάφορος,38,pagan_all,-1.0
ἀσθένεια,38,pagan_all,
πιστεύω,38,pagan_all,-1.0
μάχομαι,37,pagan_all,5.0
διατρίβω,37,pagan_all,
ἄχθομαι,37,pagan_all,
ἐλέγχω,37,pagan_all,-1.0
Πομπήϊος,37,pagan_all,
ἐκβάλλω,37,pagan_all,-1.0
συνήθης,37,pagan_all,
ἀπολαύω,36,pagan_all,
βαρύς,36,pagan_all,-1.0
νεκρός,36,pagan_all,-1.0
ἐπιτρέχω,36,pagan_all,
ἔλεγχος,35,pagan_all,-1.0
ἐκπίπτω,35,pagan_all,
ἀμύνω,35,pagan_all,
κρατέω,35,pagan_all,5.0
ἐκφέρω,35,pagan_all,
οἴομαι,35,pagan_all,-1.0
αἰδώς,35,pagan_all,
οἰκέτης,35,pagan_all,
θρασύς,35,pagan_all,
γελάω,35,pagan_all,
ἐναντίος,35,pagan_all,7.0
τύραννος,34,pagan_all,-1.0
πληγή,34,pagan_all,
αἰσχρός,34,pagan_all,4.0
προβάλλω,34,pagan_all,
ἰσχύς,34,pagan_all,
κομίζω,33,pagan_all,-1.0
παροξύνω,33,pagan_all,
ἀποδίδωμι,33,pagan_all,-1.0
διαφθείρω,33,pagan_all,5.0
βιόω,33,pagan_all,
συνίστημι,33,pagan_all,-1.0
ἀνθρώπινος,33,pagan_all,-1.0
δυσχεραίνω,33,pagan_all,
πάθος,33,pagan_all,-1.0
περισκοπέω,33,pagan_all,
διάγω,33,pagan_all,
ὑφίστημι,33,pagan_all,
ἐπίκειμαι,33,pagan_all,
παραμένω,33,pagan_all,
σημεῖον,33,pagan_all,-1.0
ὑπόνοια,33,pagan_all,
ἀήθης,33,pagan_all,
πατήρ,32,pagan_all,-1.0
χρῆμα,32,pagan_all,-1.0
ὄχλος,32,pagan_all,-1.0
ἀμβλύς,32,pagan_all,
ἐκπλέω,32,pagan_all,
καινός,32,pagan_all,-1.0
ἑταῖρος,32,pagan_all,
ἀτιμόω,32,pagan_all,
ἁμαρτάνω,32,pagan_all,7.0
ἀναπαύω,32,pagan_all,
συμφεύγω,32,pagan_all,
παρακελεύομαι,32,pagan_all,
προσπίπτω,32,pagan_all,
Μάρκος,32,pagan_all,
τίκτω,32,pagan_all,-1.0
Τάρας,32,pagan_all,
ὑπηρέτης,32,pagan_all,
ἀδελφός,31,pagan_all,-1.0
Ἀφρικανός,31,pagan_all,
Λατῖνος,31,pagan_all,
ἐλαχύς,31,pagan_all,
χρή,31,pagan_all,-1.0
οἰκτίρω,31,pagan_all,
ἀξιόλογος,31,pagan_all,
διατίθημι,31,pagan_all,
ἅμιλλα,31,pagan_all,
ταμίας,31,pagan_all,
τιμητής,31,pagan_all,
ἐνιαυτός,31,pagan_all,
Καπύη,31,pagan_all,
προφανής,31,pagan_all,
διάγραμμα,31,pagan_all,
ἐπαγγέλλω,31,pagan_all,-1.0
δύναμις,30,pagan_all,-1.0
κρίνω,30,pagan_all,-1.0
διαφορά,30,pagan_all,-1.0
Ἄρατος,30,pagan_all,
Ἑλληνικός,30,pagan_all,
ἀνεμέσητος,30,pagan_all,
Γράγχος,30,pagan_all,
ὑπεξίσταμαι,30,pagan_all,
συμβατικός,30,pagan_all,
ξύλινος,30,pagan_all,
παρίημι,30,pagan_all,
Φιλοκράτης,30,pagan_all,
προαφίσταμαι,30,pagan_all,
ταμιεύω,30,pagan_all,
τριετία,30,pagan_all,
ἐνέχω,30,pagan_all,
Ποπίλλιος,30,pagan_all,
γράμμα,30,pagan_all,-1.0
ἀπομνημονεύω,30,pagan_all,
Κορνηλία,30,pagan_all,
ἀπαρτάω,30,pagan_all,
ἀποικία,30,pagan_all,
ἄμαχος,30,pagan_all,
ἀσυνήθης,30,pagan_all,
ἀποτροπή,30,pagan_all,
ἀντιδημαγωγέω,30,pagan_all,
Φούλβιος,30,pagan_all,
κήρυγμα,30,pagan_all,
ἀντεκτίθημι,30,pagan_all,
προσαμύνω,30,pagan_all,
ἐπιλείπω,30,pagan_all,
ἁψιμαχία,30,pagan_all,
συμπλοκή,30,pagan_all,
ἀποτυγχάνω,30,pagan_all,
ἐπεγγελάω,30,pagan_all,
Σαρδώ,30,pagan_all,
σκότος,30,pagan_all,1.0
περιχέω,30,pagan_all,
ἕτερος,30,pagan_all,-1.0
νικάω,29,pagan_all,5.0
ἥκω,29,pagan_all,-1.0
αἱρέω,29,pagan_all,-1.0
σῶμα,29,pagan_all,-1.0
ναῦς,29,pagan_all,-1.0
εὑρίσκω,29,pagan_all,-1.0
μεταβάλλω,29,pagan_all,-1.0
πίπτω,29,pagan_all,-1.0
διαλύω,28,pagan_all,
ἐκκλησία,28,pagan_all,-1.0
γῆ,28,pagan_all,-1.0
νύξ,28,pagan_all,-1.0
ἐπέχω,28,pagan_all,
πρᾶος,28,pagan_all,
ταχύς,28,pagan_all,-1.0
προάγω,28,pagan_all,
σεμνός,28,pagan_all,
ἔοικα,27,pagan_all,-1.0
χρόνος,27,pagan_all,-1.0
ἀπολαμβάνω,27,pagan_all,
ἄρχω,27,pagan_all,-1.0
παρακαλέω,27,pagan_all,-1.0
ἥμερος,27,pagan_all,
ἔχθρα,27,pagan_all,
προαιρέω,27,pagan_all,
μήτηρ,26,pagan_all,-1.0
συγγνώμη,26,pagan_all,
λείπω,26,pagan_all,-1.0
θεάομαι,26,pagan_all,-1.0
προσαγορεύω,26,pagan_all,
συμβαίνω,26,pagan_all,-1.0
ἀποκτείνω,26,pagan_all,5.0
ἀλλότριος,25,pagan_all,-1.0
πειράω,25,pagan_all,-1.0
καιρός,25,pagan_all,-1.0
ἀπογιγνώσκω,25,pagan_all,
Σπάρτη,25,pagan_all,
ἀνδρεία,25,pagan_all,
ἡλικία,25,pagan_all,
ἀσπάζομαι,25,pagan_all,
περιβάλλω,25,pagan_all,
δεινότης,25,pagan_all,
μέμφομαι,25,pagan_all,
περισῴζω,25,pagan_all,
καταβαίνω,25,pagan_all,-1.0
θυγάτηρ,25,pagan_all,-1.0
καταδύω,25,pagan_all,
φιλία,25,pagan_all,-1.0
τρόπος,24,pagan_all,-1.0
ζάω,24,pagan_all,-1.0
παραφυλάσσω,24,pagan_all,
κίνδυνος,24,pagan_all,5.0
δημόσιος,24,pagan_all,
ἀμφότερος,24,pagan_all,-1.0
καίω,24,pagan_all,
ἀποκρίνω,24,pagan_all,-1.0
μέσος,23,pagan_all,-1.0
πονηρός,23,pagan_all,7.0
ψυχή,23,pagan_all,-1.0
φοβέω,23,pagan_all,5.0
ἀπόλλυμι,23,pagan_all,5.0
δείκνυμι,23,pagan_all,-1.0
μεγαλοψυχία,23,pagan_all,
ἀφίημι,23,pagan_all,-1.0
κατάγω,23,pagan_all,
νεανίσκος,23,pagan_all,
νέος,23,pagan_all,-1.0
Μεσσήνιος,23,pagan_all,
πρέπω,23,pagan_all,-1.0
ἀναβαίνω,23,pagan_all,-1.0
εἰσφέρω,23,pagan_all,
ὄψις,23,pagan_all,-1.0
τρυφάω,22,pagan_all,
Ἕλλην,22,pagan_all,
καταβοάω,22,pagan_all,
θάνατος,22,pagan_all,5.0
ὅπλον,22,pagan_all,5.0
Λακεδαίμων,22,pagan_all,
συμφέρω,22,pagan_all,-1.0
βασιλεύω,22,pagan_all,-1.0
ἱστορία,22,pagan_all,-1.0
θορυβέω,22,pagan_all,
μνάομαι,22,pagan_all,
ἀναστρέφω,22,pagan_all,
ὁμοιότης,22,pagan_all,
μορφή,22,pagan_all,
διακρούω,22,pagan_all,
ὑστεραῖος,22,pagan_all,
ἰδιώτης,22,pagan_all,
ἄτιμος,22,pagan_all,
ἐσθής,22,pagan_all,
δεῖ,22,pagan_all,-1.0
ὀλίγος,21,pagan_all,-1.0
διαφέρω,21,pagan_all,-1.0
περιοράω,21,pagan_all,
χώρα,21,pagan_all,-1.0
βλάπτω,21,pagan_all,
Ἄγις,21,pagan_all,
σκοπέω,21,pagan_all,-1.0
Σύλλας,21,pagan_all,
Θεόπομπος,21,pagan_all,
ἀποκινδυνεύω,21,pagan_all,
παρθένος,21,pagan_all,-1.0
σκυθρωπός,21,pagan_all,
Ἀριστομένης,21,pagan_all,
πλήσσω,21,pagan_all,
ἔφορος,21,pagan_all,
συζυγία,21,pagan_all,-1.0
θεωρέω,21,pagan_all,-1.0
ἱκετεύω,21,pagan_all,
διανυκτερεύω,21,pagan_all,
ἐκκαλέω,21,pagan_all,
Νομαντῖνος,21,pagan_all,
ἀπολογίζομαι,21,pagan_all,
θυσία,21,pagan_all,-1.0
πλάσσω,21,pagan_all,
Διόσκοροι,21,pagan_all,
σωφροσύνη,21,pagan_all,
ἐλευθεριότης,21,pagan_all,
διαφαίνω,21,pagan_all,
ἀνομοιότης,21,pagan_all,
ἐκβιάζω,21,pagan_all,
ἀντικαθίστημι,21,pagan_all,
προσγίγνομαι,21,pagan_all,
κήδω,21,pagan_all,
περιέπω,21,pagan_all,
ἐπιβουλεύω,20,pagan_all,
ἐάω,20,pagan_all,-1.0
αἰσθάνομαι,20,pagan_all,-1.0
ὁμολογέω,20,pagan_all,-1.0
μάχη,20,pagan_all,5.0
σῴζω,20,pagan_all,-1.0
κινδυνεύω,20,pagan_all,
ἀμφιλογία,20,pagan_all,
Τεγέα,20,pagan_all,
ἀντιπαραβάλλω,20,pagan_all,
ἐκκόπτω,20,pagan_all,
πάμπολυς,20,pagan_all,
αὐλίζομαι,20,pagan_all,
τυραννεύω,20,pagan_all,
Νασικᾶς,20,pagan_all,
ἑστιάω,20,pagan_all,
ἱερεύς,20,pagan_all,-1.0
νυμφίος,20,pagan_all,
πινακίς,20,pagan_all,
ταμιευτικός,20,pagan_all,
δέλτος,20,pagan_all,
οἰκονομέω,20,pagan_all,
λιβανωτός,20,pagan_all,
πυκτικός,20,pagan_all,
δρομικός,20,pagan_all,
λογιότης,20,pagan_all,
ἐμφέρεια,20,pagan_all,
ἐξανθέω,20,pagan_all,
προεκτίθεμαι,20,pagan_all,
ἀμετάπειστος,20,pagan_all,
φυλή,20,pagan_all,-1.0
κατασπάζομαι,20,pagan_all,
προσάπτω,20,pagan_all,
μετακομίζω,20,pagan_all,
πραγματεύομαι,20,pagan_all,
ἅγιος,20,pagan_all,-1.0
ἄφθιτος,20,pagan_all,
χρηστός,20,pagan_all,-1.0
ἱππεύς,20,pagan_all,-1.0
Ἀθηναῖος,19,pagan_all,
ὑπάρχω,19,pagan_all,-1.0
κρατύς,19,pagan_all,
πολεμέω,19,pagan_all,5.0
σημαίνω,19,pagan_all,-1.0
δυσμενής,19,pagan_all,
ἀγνοέω,18,pagan_all,-1.0
δοῦλος,18,pagan_all,-1.0
ἐπιβουλή,18,pagan_all,
ἐπέρχομαι,18,pagan_all,-1.0
ἐπαινέω,17,pagan_all,-1.0
πυνθάνομαι,17,pagan_all,-1.0
υἱός,17,pagan_all,-1.0
πρᾶξις,17,pagan_all,-1.0
Ἀννίβας,17,pagan_all,
δέχομαι,17,pagan_all,-1.0
θάλασσα,17,pagan_all,-1.0
προσήκω,17,pagan_all,-1.0
Ἀντώνιος,17,pagan_all,
λανθάνω,17,pagan_all,-1.0
φιλέω,17,pagan_all,-1.0
πλούσιος,17,pagan_all,-1.0
ὀνομάζω,16,pagan_all,-1.0
Βροῦτος,16,pagan_all,
νόσος,16,pagan_all,5.0
ἀνίστημι,16,pagan_all,-1.0
καταφρονέω,16,pagan_all,
τιμή,16,pagan_all,-1.0
χαλεπός,16,pagan_all,-1.0
Ζεύς,16,pagan_all,
ἀπαντάω,15,pagan_all,
ἀμελέω,15,pagan_all,
θαυμάζω,15,pagan_all,-1.0
φύω,15,pagan_all,-1.0
ἐπιχειρέω,15,pagan_all,5.0
τιμάω,15,pagan_all,-1.0
ἀποδείκνυμι,15,pagan_all,-1.0
στρατιά,15,pagan_all,5.0
κεφαλή,15,pagan_all,-1.0
φωνή,15,pagan_all,-1.0
χείρ,15,pagan_all,5.0
ἵστημι,15,pagan_all,-1.0
ἀληθής,15,pagan_all,-1.0
στάσις,15,pagan_all,5.0
ἑκών,15,pagan_all,
